"TimeCreated","Id","Provider","Message"
"12/3/2025 12:37:30 AM","3010","Microsoft-Windows-DNS-Client","DNS Query sent to DNS Server ff02::fb for name STACEYNAYLO3175._dosvc._tcp.local and type 33, client PID 2940"
"12/3/2025 12:37:30 AM","3010","Microsoft-Windows-DNS-Client","DNS Query sent to DNS Server 224.0.0.251 for name STACEYNAYLO3175._dosvc._tcp.local and type 33, client PID 2940"
"12/3/2025 12:37:30 AM","3010","Microsoft-Windows-DNS-Client","DNS Query sent to DNS Server ff02::fb for name _dosvc._tcp.local and type 12, client PID 2940"
"12/3/2025 12:37:30 AM","3010","Microsoft-Windows-DNS-Client","DNS Query sent to DNS Server 224.0.0.251 for name _dosvc._tcp.local and type 12, client PID 2940"
"12/3/2025 12:37:30 AM","3010","Microsoft-Windows-DNS-Client","DNS Query sent to DNS Server ff02::fb for name STACEYNAYLO3175._dosvc._tcp.local and type 255, client PID 2940"
"12/3/2025 12:37:30 AM","3010","Microsoft-Windows-DNS-Client","DNS Query sent to DNS Server 224.0.0.251 for name STACEYNAYLO3175._dosvc._tcp.local and type 255, client PID 2940"
"12/3/2025 12:37:29 AM","3010","Microsoft-Windows-DNS-Client","DNS Query sent to DNS Server ff02::fb for name STACEYNAYLO3175._dosvc._tcp.local and type 255, client PID 2940"
"12/3/2025 12:37:29 AM","3010","Microsoft-Windows-DNS-Client","DNS Query sent to DNS Server 224.0.0.251 for name STACEYNAYLO3175._dosvc._tcp.local and type 255, client PID 2940"
"12/3/2025 12:37:29 AM","3010","Microsoft-Windows-DNS-Client","DNS Query sent to DNS Server ff02::fb for name STACEYNAYLO3175._dosvc._tcp.local and type 255, client PID 2940"
"12/3/2025 12:37:29 AM","3010","Microsoft-Windows-DNS-Client","DNS Query sent to DNS Server 224.0.0.251 for name STACEYNAYLO3175._dosvc._tcp.local and type 255, client PID 2940"
"12/3/2025 12:37:29 AM","3010","Microsoft-Windows-DNS-Client","DNS Query sent to DNS Server ff02::fb for name _dosvc._tcp.local and type 12, client PID 2940"
"12/3/2025 12:37:29 AM","3010","Microsoft-Windows-DNS-Client","DNS Query sent to DNS Server 224.0.0.251 for name _dosvc._tcp.local and type 12, client PID 2940"
"12/3/2025 12:37:16 AM","3008","Microsoft-Windows-DNS-Client","DNS query is completed for the name 105.116.69.13.in-addr.arpa., type 12, query options 722827741266837504 with status 9003 Results "
"12/3/2025 12:37:16 AM","3012","Microsoft-Windows-DNS-Client","NETBIOS query is initiated for name 105.116.69.13.in-addr.arpa. on network index 0 with inteface count 1 with first interface name Ethernet and local addresses fdb2:2c26:f4e4:0:a01d:cb46:e81:200f;fdb2:2c26:f4e4:0:dc51:cd12:d95e:b0b1;fe80::7581:f353:c91e:59a5;10.211.55.3, client PID 3680, query blob 0x1da28196bd0"
"12/3/2025 12:37:16 AM","3020","Microsoft-Windows-DNS-Client","Query response for name 105.116.69.13.in-addr.arpa., type 12, interface index 0 and network index 0 returned 9003 with results , client PID 3680, query blob 0x1da281b9f30"
"12/3/2025 12:37:16 AM","3011","Microsoft-Windows-DNS-Client","Received response from DNS Server fe80::21c:42ff:fe00:18 for name 105.116.69.13.in-addr.arpa and type 12 with response status 9003, client PID 3680, send blob 0x1da2872a4e0, context 0x7ffedb0365f8"
"12/3/2025 12:37:16 AM","3010","Microsoft-Windows-DNS-Client","DNS Query sent to DNS Server fe80::21c:42ff:fe00:18 for name 105.116.69.13.in-addr.arpa and type 12, client PID 3680"
"12/3/2025 12:36:55 AM","3008","Microsoft-Windows-DNS-Client","DNS query is completed for the name settings-win.data.microsoft.com, type 28, query options 722827741266862080 with status 0 Results type: 5 atm-settingsfe-prod-geo2.trafficmanager.net;type: 5 settings-prod-eus2-2.eastus2.cloudapp.azure.com;::ffff:20.49.150.241;"
"12/3/2025 12:36:55 AM","3020","Microsoft-Windows-DNS-Client","Query response for name settings-win.data.microsoft.com, type 28, interface index 0 and network index 0 returned 0 with results type: 5 atm-settingsfe-prod-geo2.trafficmanager.net;type: 5 settings-prod-eus2-2.eastus2.cloudapp.azure.com;type: 6 ns1-06.azure-dns.com;, client PID 9080, query blob 0x1da281b9f30"
"12/3/2025 12:36:55 AM","3020","Microsoft-Windows-DNS-Client","Query response for name settings-win.data.microsoft.com, type 1, interface index 0 and network index 0 returned 0 with results type: 5 atm-settingsfe-prod-geo2.trafficmanager.net;type: 5 settings-prod-uks-2.uksouth.cloudapp.azure.com;20.49.150.241;, client PID 9080, query blob 0x1da281b9f30"
"12/3/2025 12:36:55 AM","3011","Microsoft-Windows-DNS-Client","Received response from DNS Server fe80::21c:42ff:fe00:18 for name settings-win.data.microsoft.com and type 1 with response status 0, client PID 9080, send blob 0x1da28729050, context 0x7ffedb0365f8"
"12/3/2025 12:36:55 AM","3011","Microsoft-Windows-DNS-Client","Received response from DNS Server fe80::21c:42ff:fe00:18 for name settings-win.data.microsoft.com and type 28 with response status 0, client PID 9080, send blob 0x1da28729630, context 0x7ffedb0365f8"
"12/3/2025 12:36:55 AM","3010","Microsoft-Windows-DNS-Client","DNS Query sent to DNS Server 10.211.55.1 for name settings-win.data.microsoft.com and type 28, client PID 9080"
"12/3/2025 12:36:55 AM","3010","Microsoft-Windows-DNS-Client","DNS Query sent to DNS Server 10.211.55.1 for name settings-win.data.microsoft.com and type 1, client PID 9080"
"12/3/2025 12:36:55 AM","3010","Microsoft-Windows-DNS-Client","DNS Query sent to DNS Server fe80::21c:42ff:fe00:18 for name settings-win.data.microsoft.com and type 28, client PID 9080"
"12/3/2025 12:36:55 AM","3010","Microsoft-Windows-DNS-Client","DNS Query sent to DNS Server fe80::21c:42ff:fe00:18 for name settings-win.data.microsoft.com and type 1, client PID 9080"
"12/3/2025 12:36:55 AM","3008","Microsoft-Windows-DNS-Client","DNS query is completed for the name settings-win.data.microsoft.com, type 1, query options 720575941453045760 with status 87 Results "
"12/3/2025 12:36:54 AM","3008","Microsoft-Windows-DNS-Client","DNS query is completed for the name fd.api.iris.microsoft.com, type 28, query options 722827741266862080 with status 0 Results type: 5 fd-api-iris.trafficmanager.net;type: 5 iris-de-prod-azsc-v2-eus2.eastus2.cloudapp.azure.com;::ffff:20.96.153.111;"
"12/3/2025 12:36:54 AM","3020","Microsoft-Windows-DNS-Client","Query response for name fd.api.iris.microsoft.com, type 28, interface index 0 and network index 0 returned 0 with results type: 5 fd-api-iris.trafficmanager.net;type: 5 iris-de-prod-azsc-v2-eus2.eastus2.cloudapp.azure.com;type: 6 ns1-06.azure-dns.com;, client PID 4276, query blob 0x1da281b9f30"
"12/3/2025 12:36:54 AM","3011","Microsoft-Windows-DNS-Client","Received response from DNS Server fe80::21c:42ff:fe00:18 for name fd.api.iris.microsoft.com and type 28 with response status 0, client PID 4276, send blob 0x1da2872a4e0, context 0x7ffedb0365f8"
"12/3/2025 12:36:54 AM","3020","Microsoft-Windows-DNS-Client","Query response for name fd.api.iris.microsoft.com, type 1, interface index 0 and network index 0 returned 0 with results type: 5 fd-api-iris.trafficmanager.net;type: 5 iris-de-prod-azsc-v2-eus2.eastus2.cloudapp.azure.com;20.96.153.111;, client PID 4276, query blob 0x1da281b9f30"
"12/3/2025 12:36:54 AM","3011","Microsoft-Windows-DNS-Client","Received response from DNS Server fe80::21c:42ff:fe00:18 for name fd.api.iris.microsoft.com and type 1 with response status 0, client PID 4276, send blob 0x1da28729c10, context 0x7ffedb0365f8"
"12/3/2025 12:36:54 AM","3010","Microsoft-Windows-DNS-Client","DNS Query sent to DNS Server 10.211.55.1 for name fd.api.iris.microsoft.com and type 28, client PID 4276"
"12/3/2025 12:36:54 AM","3010","Microsoft-Windows-DNS-Client","DNS Query sent to DNS Server 10.211.55.1 for name fd.api.iris.microsoft.com and type 1, client PID 4276"
"12/3/2025 12:36:54 AM","3010","Microsoft-Windows-DNS-Client","DNS Query sent to DNS Server fe80::21c:42ff:fe00:18 for name fd.api.iris.microsoft.com and type 28, client PID 4276"
"12/3/2025 12:36:54 AM","3010","Microsoft-Windows-DNS-Client","DNS Query sent to DNS Server fe80::21c:42ff:fe00:18 for name fd.api.iris.microsoft.com and type 1, client PID 4276"
"12/3/2025 12:36:54 AM","3008","Microsoft-Windows-DNS-Client","DNS query is completed for the name fd.api.iris.microsoft.com, type 1, query options 720575941453045760 with status 87 Results "
"12/3/2025 12:36:05 AM","3008","Microsoft-Windows-DNS-Client","DNS query is completed for the name 66.229.138.52.in-addr.arpa., type 12, query options 722827741266837504 with status 9003 Results "
"12/3/2025 12:36:05 AM","3012","Microsoft-Windows-DNS-Client","NETBIOS query is initiated for name 66.229.138.52.in-addr.arpa. on network index 0 with inteface count 1 with first interface name Ethernet and local addresses fdb2:2c26:f4e4:0:a01d:cb46:e81:200f;fdb2:2c26:f4e4:0:dc51:cd12:d95e:b0b1;fe80::7581:f353:c91e:59a5;10.211.55.3, client PID 3680, query blob 0x1da2819f840"
"12/3/2025 12:36:05 AM","3020","Microsoft-Windows-DNS-Client","Query response for name 66.229.138.52.in-addr.arpa., type 12, interface index 0 and network index 0 returned 9003 with results , client PID 3680, query blob 0x1da281b9f30"
"12/3/2025 12:36:05 AM","3011","Microsoft-Windows-DNS-Client","Received response from DNS Server fe80::21c:42ff:fe00:18 for name 66.229.138.52.in-addr.arpa and type 12 with response status 9003, client PID 3680, send blob 0x1da2872aac0, context 0x7ffedb0365f8"
"12/3/2025 12:36:05 AM","3010","Microsoft-Windows-DNS-Client","DNS Query sent to DNS Server fe80::21c:42ff:fe00:18 for name 66.229.138.52.in-addr.arpa and type 12, client PID 3680"
"12/3/2025 12:35:42 AM","3008","Microsoft-Windows-DNS-Client","DNS query is completed for the name settings-win.data.microsoft.com, type 28, query options 722827741266862080 with status 0 Results type: 5 atm-settingsfe-prod-geo2.trafficmanager.net;type: 5 settings-prod-sea-2.southeastasia.cloudapp.azure.com;::ffff:51.11.168.232;"
"12/3/2025 12:35:42 AM","3008","Microsoft-Windows-DNS-Client","DNS query is completed for the name settings-win.data.microsoft.com, type 1, query options 720575941453045760 with status 87 Results "
"12/3/2025 12:35:41 AM","3008","Microsoft-Windows-DNS-Client","DNS query is completed for the name settings-win.data.microsoft.com, type 28, query options 722827741266862080 with status 0 Results type: 5 atm-settingsfe-prod-geo2.trafficmanager.net;type: 5 settings-prod-sea-2.southeastasia.cloudapp.azure.com;::ffff:51.11.168.232;"
"12/3/2025 12:35:41 AM","3020","Microsoft-Windows-DNS-Client","Query response for name settings-win.data.microsoft.com, type 28, interface index 0 and network index 0 returned 0 with results type: 5 atm-settingsfe-prod-geo2.trafficmanager.net;type: 5 settings-prod-sea-2.southeastasia.cloudapp.azure.com;type: 6 ns1-01.azure-dns.com;, client PID 5012, query blob 0x1da281b9f30"
"12/3/2025 12:35:41 AM","3011","Microsoft-Windows-DNS-Client","Received response from DNS Server 10.211.55.1 for name settings-win.data.microsoft.com and type 28 with response status 0, client PID 5012, send blob 0x1da286ac4e0, context 0x7ffedb0365f8"
"12/3/2025 12:35:41 AM","3020","Microsoft-Windows-DNS-Client","Query response for name settings-win.data.microsoft.com, type 1, interface index 0 and network index 0 returned 0 with results type: 5 atm-settingsfe-prod-geo2.trafficmanager.net;type: 5 settings-prod-uks-1.uksouth.cloudapp.azure.com;51.11.168.232;, client PID 5012, query blob 0x1da281b9f30"
"12/3/2025 12:35:41 AM","3011","Microsoft-Windows-DNS-Client","Received response from DNS Server fe80::21c:42ff:fe00:18 for name settings-win.data.microsoft.com and type 1 with response status 0, client PID 5012, send blob 0x1da286ab050, context 0x7ffedb0365f8"
"12/3/2025 12:35:41 AM","3010","Microsoft-Windows-DNS-Client","DNS Query sent to DNS Server 10.211.55.1 for name settings-win.data.microsoft.com and type 28, client PID 5012"
"12/3/2025 12:35:41 AM","3010","Microsoft-Windows-DNS-Client","DNS Query sent to DNS Server 10.211.55.1 for name settings-win.data.microsoft.com and type 1, client PID 5012"
"12/3/2025 12:35:41 AM","3010","Microsoft-Windows-DNS-Client","DNS Query sent to DNS Server fe80::21c:42ff:fe00:18 for name settings-win.data.microsoft.com and type 28, client PID 5012"
"12/3/2025 12:35:41 AM","3010","Microsoft-Windows-DNS-Client","DNS Query sent to DNS Server fe80::21c:42ff:fe00:18 for name settings-win.data.microsoft.com and type 1, client PID 5012"
"12/3/2025 12:35:41 AM","3008","Microsoft-Windows-DNS-Client","DNS query is completed for the name settings-win.data.microsoft.com, type 1, query options 720575941453045760 with status 87 Results "
"12/3/2025 12:35:29 AM","3010","Microsoft-Windows-DNS-Client","DNS Query sent to DNS Server ff02::fb for name STACEYNAYLO3175._dosvc._tcp.local and type 33, client PID 2940"
"12/3/2025 12:35:29 AM","3010","Microsoft-Windows-DNS-Client","DNS Query sent to DNS Server 224.0.0.251 for name STACEYNAYLO3175._dosvc._tcp.local and type 33, client PID 2940"
"12/3/2025 12:35:29 AM","3010","Microsoft-Windows-DNS-Client","DNS Query sent to DNS Server ff02::fb for name _dosvc._tcp.local and type 12, client PID 2940"
"12/3/2025 12:35:29 AM","3010","Microsoft-Windows-DNS-Client","DNS Query sent to DNS Server 224.0.0.251 for name _dosvc._tcp.local and type 12, client PID 2940"
"12/3/2025 12:35:29 AM","3010","Microsoft-Windows-DNS-Client","DNS Query sent to DNS Server ff02::fb for name STACEYNAYLO3175._dosvc._tcp.local and type 255, client PID 2940"
"12/3/2025 12:35:29 AM","3010","Microsoft-Windows-DNS-Client","DNS Query sent to DNS Server 224.0.0.251 for name STACEYNAYLO3175._dosvc._tcp.local and type 255, client PID 2940"
"12/3/2025 12:35:29 AM","3010","Microsoft-Windows-DNS-Client","DNS Query sent to DNS Server ff02::fb for name STACEYNAYLO3175._dosvc._tcp.local and type 255, client PID 2940"
"12/3/2025 12:35:29 AM","3010","Microsoft-Windows-DNS-Client","DNS Query sent to DNS Server 224.0.0.251 for name STACEYNAYLO3175._dosvc._tcp.local and type 255, client PID 2940"
"12/3/2025 12:35:28 AM","3010","Microsoft-Windows-DNS-Client","DNS Query sent to DNS Server ff02::fb for name STACEYNAYLO3175._dosvc._tcp.local and type 255, client PID 2940"
"12/3/2025 12:35:28 AM","3010","Microsoft-Windows-DNS-Client","DNS Query sent to DNS Server 224.0.0.251 for name STACEYNAYLO3175._dosvc._tcp.local and type 255, client PID 2940"
"12/3/2025 12:35:28 AM","3010","Microsoft-Windows-DNS-Client","DNS Query sent to DNS Server ff02::fb for name _dosvc._tcp.local and type 12, client PID 2940"
"12/3/2025 12:35:28 AM","3010","Microsoft-Windows-DNS-Client","DNS Query sent to DNS Server 224.0.0.251 for name _dosvc._tcp.local and type 12, client PID 2940"
"12/3/2025 12:35:14 AM","3008","Microsoft-Windows-DNS-Client","DNS query is completed for the name 18.135.190.20.in-addr.arpa., type 12, query options 722827741266837504 with status 9003 Results "
"12/3/2025 12:35:14 AM","3012","Microsoft-Windows-DNS-Client","NETBIOS query is initiated for name 18.135.190.20.in-addr.arpa. on network index 0 with inteface count 1 with first interface name Ethernet and local addresses fdb2:2c26:f4e4:0:a01d:cb46:e81:200f;fdb2:2c26:f4e4:0:dc51:cd12:d95e:b0b1;fe80::7581:f353:c91e:59a5;10.211.55.3, client PID 3680, query blob 0x1da281378e0"
"12/3/2025 12:35:14 AM","3020","Microsoft-Windows-DNS-Client","Query response for name 18.135.190.20.in-addr.arpa., type 12, interface index 0 and network index 0 returned 9003 with results , client PID 3680, query blob 0x1da281b9f30"
"12/3/2025 12:35:14 AM","3011","Microsoft-Windows-DNS-Client","Received response from DNS Server fe80::21c:42ff:fe00:18 for name 18.135.190.20.in-addr.arpa and type 12 with response status 9003, client PID 3680, send blob 0x1da286c4ac0, context 0x7ffedb0365f8"
"12/3/2025 12:35:14 AM","3010","Microsoft-Windows-DNS-Client","DNS Query sent to DNS Server fe80::21c:42ff:fe00:18 for name 18.135.190.20.in-addr.arpa and type 12, client PID 3680"
"12/3/2025 12:35:13 AM","3008","Microsoft-Windows-DNS-Client","DNS query is completed for the name login.live.com, type 28, query options 722827741266862080 with status 0 Results type: 5 login.msa.msidentity.com;type: 5 www.tm.lg.prod.aadmsa.trafficmanager.net;type: 5 prdv4a.aadg.msidentity.com;type: 5 www.tm.v4.a.prd.aadg.akadns.net;::ffff:20.190.135.18;::ffff:40.126.28.11;::ffff:40.126.7.35;::ffff:20.190.135.6;::ffff:20.190.135.19;::ffff:20.190.135.2;::ffff:20.190.135.17;::ffff:20.190.135.7;"
"12/3/2025 12:35:13 AM","3020","Microsoft-Windows-DNS-Client","Query response for name login.live.com, type 1, interface index 0 and network index 0 returned 0 with results type: 5 login.msa.msidentity.com;type: 5 www.tm.lg.prod.aadmsa.akadns.net;type: 5 www.a.lg.prod.aadmsa.akadns.net;type: 5 default.a.lg.prod.aadmsa.akadns.net;type: 5 prdv4a.aadg.msidentity.com;type: 5 www.tm.v4.a.prd.aadg.akadns.net;20.190.135.18;40.126.28.11;40.126.7.35;20.190.135.6;20.190.135.19;20.190.135.2;20.190.135.17;20.190.135.7;, client PID 6664, query blob 0x1da281b9f30"
"12/3/2025 12:35:13 AM","3020","Microsoft-Windows-DNS-Client","Query response for name login.live.com, type 28, interface index 0 and network index 0 returned 0 with results type: 5 login.msa.msidentity.com;type: 5 www.tm.lg.prod.aadmsa.trafficmanager.net;type: 5 prdv4a.aadg.msidentity.com;type: 5 www.tm.v4.a.prd.aadg.akadns.net;type: 6 internal.akadns.net;, client PID 6664, query blob 0x1da281b9f30"
"12/3/2025 12:35:13 AM","3011","Microsoft-Windows-DNS-Client","Received response from DNS Server 10.211.55.1 for name login.live.com and type 28 with response status 0, client PID 6664, send blob 0x1da286abc10, context 0x7ffedb0365f8"
"12/3/2025 12:35:13 AM","3011","Microsoft-Windows-DNS-Client","Received response from DNS Server fe80::21c:42ff:fe00:18 for name login.live.com and type 1 with response status 0, client PID 6664, send blob 0x1da286abf00, context 0x7ffedb0365f8"
"12/3/2025 12:35:12 AM","3010","Microsoft-Windows-DNS-Client","DNS Query sent to DNS Server 10.211.55.1 for name login.live.com and type 1, client PID 6664"
"12/3/2025 12:35:12 AM","3010","Microsoft-Windows-DNS-Client","DNS Query sent to DNS Server 10.211.55.1 for name login.live.com and type 28, client PID 6664"
"12/3/2025 12:35:12 AM","3010","Microsoft-Windows-DNS-Client","DNS Query sent to DNS Server fe80::21c:42ff:fe00:18 for name login.live.com and type 28, client PID 6664"
"12/3/2025 12:35:12 AM","3010","Microsoft-Windows-DNS-Client","DNS Query sent to DNS Server fe80::21c:42ff:fe00:18 for name login.live.com and type 1, client PID 6664"
"12/3/2025 12:35:12 AM","3008","Microsoft-Windows-DNS-Client","DNS query is completed for the name login.live.com, type 1, query options 720575941453045760 with status 87 Results "
"12/3/2025 12:35:10 AM","3008","Microsoft-Windows-DNS-Client","DNS query is completed for the name 194.165.96.52.in-addr.arpa., type 12, query options 722827741266837504 with status 9003 Results "
"12/3/2025 12:35:10 AM","3008","Microsoft-Windows-DNS-Client","DNS query is completed for the name 15.112.50.23.in-addr.arpa., type 12, query options 722827741266837504 with status 0 Results type: 12 a23-50-112-15.deploy.static.akamaitechnologies.com;"
"12/3/2025 12:35:10 AM","3012","Microsoft-Windows-DNS-Client","NETBIOS query is initiated for name 194.165.96.52.in-addr.arpa. on network index 0 with inteface count 1 with first interface name Ethernet and local addresses fdb2:2c26:f4e4:0:a01d:cb46:e81:200f;fdb2:2c26:f4e4:0:dc51:cd12:d95e:b0b1;fe80::7581:f353:c91e:59a5;10.211.55.3, client PID 3680, query blob 0x1da28196bd0"
"12/3/2025 12:35:10 AM","3020","Microsoft-Windows-DNS-Client","Query response for name 15.112.50.23.in-addr.arpa., type 12, interface index 0 and network index 0 returned 0 with results type: 12 a23-50-112-15.deploy.static.akamaitechnologies.com;, client PID 3680, query blob 0x1da28123670"
"12/3/2025 12:35:10 AM","3020","Microsoft-Windows-DNS-Client","Query response for name 194.165.96.52.in-addr.arpa., type 12, interface index 0 and network index 0 returned 9003 with results , client PID 3680, query blob 0x1da281b9f30"
"12/3/2025 12:35:10 AM","3011","Microsoft-Windows-DNS-Client","Received response from DNS Server fe80::21c:42ff:fe00:18 for name 194.165.96.52.in-addr.arpa and type 12 with response status 9003, client PID 3680, send blob 0x1da28729920, context 0x7ffedb0365f8"
"12/3/2025 12:35:10 AM","3011","Microsoft-Windows-DNS-Client","Received response from DNS Server fe80::21c:42ff:fe00:18 for name 15.112.50.23.in-addr.arpa and type 12 with response status 0, client PID 3680, send blob 0x1da2872a4e0, context 0x7ffedb0365f8"
"12/3/2025 12:35:10 AM","3010","Microsoft-Windows-DNS-Client","DNS Query sent to DNS Server fe80::21c:42ff:fe00:18 for name 15.112.50.23.in-addr.arpa and type 12, client PID 3680"
"12/3/2025 12:35:10 AM","3010","Microsoft-Windows-DNS-Client","DNS Query sent to DNS Server fe80::21c:42ff:fe00:18 for name 194.165.96.52.in-addr.arpa and type 12, client PID 3680"
"12/3/2025 12:35:09 AM","3008","Microsoft-Windows-DNS-Client","DNS query is completed for the name substrate.office.com, type 28, query options 722827741266862080 with status 0 Results type: 5 outlook.office365.com;type: 5 ooc-g2.tm-4.office.com;type: 5 outlook.ms-acdc.office.com;type: 5 LYH-efz.ms-acdc.office.com;2603:1036:303:3c0d::2;2603:1036:303:3802::2;2603:1036:303:3c07::2;2603:1036:303:3c0c::2;::ffff:52.96.165.194;::ffff:52.96.104.2;::ffff:52.96.173.210;::ffff:52.96.172.114;"
"12/3/2025 12:35:09 AM","3020","Microsoft-Windows-DNS-Client","Query response for name substrate.office.com, type 28, interface index 0 and network index 0 returned 0 with results type: 5 outlook.office365.com;type: 5 ooc-g2.tm-4.office.com;type: 5 outlook.ms-acdc.office.com;type: 5 LYH-efz.ms-acdc.office.com;2603:1036:303:3c0d::2;2603:1036:303:3802::2;2603:1036:303:3c07::2;2603:1036:303:3c0c::2;, client PID 6184, query blob 0x1da281b9f30"
"12/3/2025 12:35:09 AM","3011","Microsoft-Windows-DNS-Client","Received response from DNS Server fe80::21c:42ff:fe00:18 for name substrate.office.com and type 28 with response status 0, client PID 6184, send blob 0x1da28729f00, context 0x7ffedb0365f8"
"12/3/2025 12:35:09 AM","3020","Microsoft-Windows-DNS-Client","Query response for name substrate.office.com, type 1, interface index 0 and network index 0 returned 0 with results type: 5 outlook.office365.com;type: 5 ooc-g2.tm-4.office.com;type: 5 outlook.ms-acdc.office.com;type: 5 LYH-efz.ms-acdc.office.com;52.96.165.194;52.96.104.2;52.96.173.210;52.96.172.114;, client PID 6184, query blob 0x1da281b9f30"
"12/3/2025 12:35:09 AM","3011","Microsoft-Windows-DNS-Client","Received response from DNS Server 10.211.55.1 for name substrate.office.com and type 1 with response status 0, client PID 6184, send blob 0x1da2872a7d0, context 0x7ffedb0365f8"
"12/3/2025 12:35:09 AM","3010","Microsoft-Windows-DNS-Client","DNS Query sent to DNS Server 10.211.55.1 for name substrate.office.com and type 28, client PID 6184"
"12/3/2025 12:35:09 AM","3010","Microsoft-Windows-DNS-Client","DNS Query sent to DNS Server 10.211.55.1 for name substrate.office.com and type 1, client PID 6184"
"12/3/2025 12:35:09 AM","3010","Microsoft-Windows-DNS-Client","DNS Query sent to DNS Server fe80::21c:42ff:fe00:18 for name substrate.office.com and type 28, client PID 6184"
"12/3/2025 12:35:09 AM","3010","Microsoft-Windows-DNS-Client","DNS Query sent to DNS Server fe80::21c:42ff:fe00:18 for name substrate.office.com and type 1, client PID 6184"
"12/3/2025 12:35:09 AM","3008","Microsoft-Windows-DNS-Client","DNS query is completed for the name substrate.office.com, type 1, query options 720575941453045760 with status 87 Results "
"12/3/2025 12:34:06 AM","3008","Microsoft-Windows-DNS-Client","DNS query is completed for the name 10.179.89.13.in-addr.arpa., type 12, query options 722827741266837504 with status 9003 Results "
"12/3/2025 12:34:06 AM","3012","Microsoft-Windows-DNS-Client","NETBIOS query is initiated for name 10.179.89.13.in-addr.arpa. on network index 0 with inteface count 1 with first interface name Ethernet and local addresses fdb2:2c26:f4e4:0:a01d:cb46:e81:200f;fdb2:2c26:f4e4:0:dc51:cd12:d95e:b0b1;fe80::7581:f353:c91e:59a5;10.211.55.3, client PID 3680, query blob 0x1da281378e0"
"12/3/2025 12:34:06 AM","3020","Microsoft-Windows-DNS-Client","Query response for name 10.179.89.13.in-addr.arpa., type 12, interface index 0 and network index 0 returned 9003 with results , client PID 3680, query blob 0x1da281b9f30"
"12/3/2025 12:34:06 AM","3011","Microsoft-Windows-DNS-Client","Received response from DNS Server fe80::21c:42ff:fe00:18 for name 10.179.89.13.in-addr.arpa and type 12 with response status 9003, client PID 3680, send blob 0x1da286abc10, context 0x7ffedb0365f8"
"12/3/2025 12:34:06 AM","3010","Microsoft-Windows-DNS-Client","DNS Query sent to DNS Server fe80::21c:42ff:fe00:18 for name 10.179.89.13.in-addr.arpa and type 12, client PID 3680"
"12/3/2025 12:33:47 AM","3008","Microsoft-Windows-DNS-Client","DNS query is completed for the name 169.36.18.104.in-addr.arpa., type 12, query options 722827741266837504 with status 9003 Results "
"12/3/2025 12:33:47 AM","3012","Microsoft-Windows-DNS-Client","NETBIOS query is initiated for name 169.36.18.104.in-addr.arpa. on network index 0 with inteface count 1 with first interface name Ethernet and local addresses fdb2:2c26:f4e4:0:a01d:cb46:e81:200f;fdb2:2c26:f4e4:0:dc51:cd12:d95e:b0b1;fe80::7581:f353:c91e:59a5;10.211.55.3, client PID 3680, query blob 0x1da28196bd0"
"12/3/2025 12:33:47 AM","3020","Microsoft-Windows-DNS-Client","Query response for name 169.36.18.104.in-addr.arpa., type 12, interface index 0 and network index 0 returned 9003 with results , client PID 3680, query blob 0x1da281b9f30"
"12/3/2025 12:33:47 AM","3011","Microsoft-Windows-DNS-Client","Received response from DNS Server fe80::21c:42ff:fe00:18 for name 169.36.18.104.in-addr.arpa and type 12 with response status 9003, client PID 3680, send blob 0x1da28729050, context 0x7ffedb0365f8"
"12/3/2025 12:33:47 AM","3010","Microsoft-Windows-DNS-Client","DNS Query sent to DNS Server fe80::21c:42ff:fe00:18 for name 169.36.18.104.in-addr.arpa and type 12, client PID 3680"
"12/3/2025 12:33:28 AM","3010","Microsoft-Windows-DNS-Client","DNS Query sent to DNS Server ff02::fb for name STACEYNAYLO3175._dosvc._tcp.local and type 33, client PID 2940"
"12/3/2025 12:33:28 AM","3010","Microsoft-Windows-DNS-Client","DNS Query sent to DNS Server 224.0.0.251 for name STACEYNAYLO3175._dosvc._tcp.local and type 33, client PID 2940"
"12/3/2025 12:33:28 AM","3010","Microsoft-Windows-DNS-Client","DNS Query sent to DNS Server ff02::fb for name _dosvc._tcp.local and type 12, client PID 2940"
"12/3/2025 12:33:28 AM","3010","Microsoft-Windows-DNS-Client","DNS Query sent to DNS Server 224.0.0.251 for name _dosvc._tcp.local and type 12, client PID 2940"
"12/3/2025 12:33:28 AM","3010","Microsoft-Windows-DNS-Client","DNS Query sent to DNS Server ff02::fb for name STACEYNAYLO3175._dosvc._tcp.local and type 255, client PID 2940"
"12/3/2025 12:33:28 AM","3010","Microsoft-Windows-DNS-Client","DNS Query sent to DNS Server 224.0.0.251 for name STACEYNAYLO3175._dosvc._tcp.local and type 255, client PID 2940"
"12/3/2025 12:33:28 AM","3010","Microsoft-Windows-DNS-Client","DNS Query sent to DNS Server ff02::fb for name STACEYNAYLO3175._dosvc._tcp.local and type 255, client PID 2940"
"12/3/2025 12:33:28 AM","3010","Microsoft-Windows-DNS-Client","DNS Query sent to DNS Server 224.0.0.251 for name STACEYNAYLO3175._dosvc._tcp.local and type 255, client PID 2940"
"12/3/2025 12:33:27 AM","3010","Microsoft-Windows-DNS-Client","DNS Query sent to DNS Server ff02::fb for name STACEYNAYLO3175._dosvc._tcp.local and type 255, client PID 2940"
"12/3/2025 12:33:27 AM","3010","Microsoft-Windows-DNS-Client","DNS Query sent to DNS Server 224.0.0.251 for name STACEYNAYLO3175._dosvc._tcp.local and type 255, client PID 2940"
"12/3/2025 12:33:27 AM","3010","Microsoft-Windows-DNS-Client","DNS Query sent to DNS Server ff02::fb for name _dosvc._tcp.local and type 12, client PID 2940"
"12/3/2025 12:33:27 AM","3010","Microsoft-Windows-DNS-Client","DNS Query sent to DNS Server 224.0.0.251 for name _dosvc._tcp.local and type 12, client PID 2940"
"12/3/2025 12:33:00 AM","3008","Microsoft-Windows-DNS-Client","DNS query is completed for the name 200.64.52.20.in-addr.arpa., type 12, query options 722827741266837504 with status 9003 Results "
"12/3/2025 12:33:00 AM","3012","Microsoft-Windows-DNS-Client","NETBIOS query is initiated for name 200.64.52.20.in-addr.arpa. on network index 0 with inteface count 1 with first interface name Ethernet and local addresses fdb2:2c26:f4e4:0:a01d:cb46:e81:200f;fdb2:2c26:f4e4:0:dc51:cd12:d95e:b0b1;fe80::7581:f353:c91e:59a5;10.211.55.3, client PID 3680, query blob 0x1da2819f840"
"12/3/2025 12:33:00 AM","3020","Microsoft-Windows-DNS-Client","Query response for name 200.64.52.20.in-addr.arpa., type 12, interface index 0 and network index 0 returned 9003 with results , client PID 3680, query blob 0x1da281b9f30"
"12/3/2025 12:33:00 AM","3011","Microsoft-Windows-DNS-Client","Received response from DNS Server fe80::21c:42ff:fe00:18 for name 200.64.52.20.in-addr.arpa and type 12 with response status 9003, client PID 3680, send blob 0x1da2872a4e0, context 0x7ffedb0365f8"
"12/3/2025 12:33:00 AM","3010","Microsoft-Windows-DNS-Client","DNS Query sent to DNS Server fe80::21c:42ff:fe00:18 for name 200.64.52.20.in-addr.arpa and type 12, client PID 3680"
"12/3/2025 12:32:17 AM","3008","Microsoft-Windows-DNS-Client","DNS query is completed for the name ecs.office.com, type 28, query options 722827741266862080 with status 0 Results type: 5 ecs.office.trafficmanager.net;type: 5 dual-s-0005-office.config.skype.com;type: 5 ecs-office.s-0005.dual-s-msedge.net;type: 5 s-0005.dual-s-msedge.net;2603:1063:27:1::14;2603:1063:27:2::14;::ffff:52.123.128.14;::ffff:52.123.129.14;"
"12/3/2025 12:32:17 AM","3020","Microsoft-Windows-DNS-Client","Query response for name ecs.office.com, type 28, interface index 0 and network index 0 returned 0 with results type: 5 ecs.office.trafficmanager.net;type: 5 dual-s-0005-office.config.skype.com;type: 5 ecs-office.s-0005.dual-s-msedge.net;type: 5 s-0005.dual-s-msedge.net;2603:1063:27:1::14;2603:1063:27:2::14;, client PID 3468, query blob 0x1da281b9f30"
"12/3/2025 12:32:17 AM","3020","Microsoft-Windows-DNS-Client","Query response for name ecs.office.com, type 1, interface index 0 and network index 0 returned 0 with results type: 5 ecs.office.trafficmanager.net;type: 5 dual-s-0005-office.config.skype.com;type: 5 ecs-office.s-0005.dual-s-msedge.net;type: 5 s-0005.dual-s-msedge.net;52.123.128.14;52.123.129.14;, client PID 3468, query blob 0x1da281b9f30"
"12/3/2025 12:32:17 AM","3011","Microsoft-Windows-DNS-Client","Received response from DNS Server 10.211.55.1 for name ecs.office.com and type 1 with response status 0, client PID 3468, send blob 0x1da2872aac0, context 0x7ffedb0365f8"
"12/3/2025 12:32:17 AM","3011","Microsoft-Windows-DNS-Client","Received response from DNS Server fe80::21c:42ff:fe00:18 for name ecs.office.com and type 28 with response status 0, client PID 3468, send blob 0x1da28729630, context 0x7ffedb0365f8"
"12/3/2025 12:32:17 AM","3010","Microsoft-Windows-DNS-Client","DNS Query sent to DNS Server 10.211.55.1 for name ecs.office.com and type 1, client PID 3468"
"12/3/2025 12:32:17 AM","3010","Microsoft-Windows-DNS-Client","DNS Query sent to DNS Server 10.211.55.1 for name ecs.office.com and type 28, client PID 3468"
"12/3/2025 12:32:17 AM","3010","Microsoft-Windows-DNS-Client","DNS Query sent to DNS Server fe80::21c:42ff:fe00:18 for name ecs.office.com and type 28, client PID 3468"
"12/3/2025 12:32:17 AM","3010","Microsoft-Windows-DNS-Client","DNS Query sent to DNS Server fe80::21c:42ff:fe00:18 for name ecs.office.com and type 1, client PID 3468"
"12/3/2025 12:32:17 AM","3008","Microsoft-Windows-DNS-Client","DNS query is completed for the name ecs.office.com, type 1, query options 720575941453045760 with status 87 Results "
"12/3/2025 12:31:27 AM","3010","Microsoft-Windows-DNS-Client","DNS Query sent to DNS Server ff02::fb for name STACEYNAYLO3175._dosvc._tcp.local and type 33, client PID 2940"
"12/3/2025 12:31:27 AM","3010","Microsoft-Windows-DNS-Client","DNS Query sent to DNS Server 224.0.0.251 for name STACEYNAYLO3175._dosvc._tcp.local and type 33, client PID 2940"
"12/3/2025 12:31:27 AM","3010","Microsoft-Windows-DNS-Client","DNS Query sent to DNS Server ff02::fb for name _dosvc._tcp.local and type 12, client PID 2940"
"12/3/2025 12:31:27 AM","3010","Microsoft-Windows-DNS-Client","DNS Query sent to DNS Server 224.0.0.251 for name _dosvc._tcp.local and type 12, client PID 2940"
"12/3/2025 12:31:27 AM","3010","Microsoft-Windows-DNS-Client","DNS Query sent to DNS Server ff02::fb for name STACEYNAYLO3175._dosvc._tcp.local and type 255, client PID 2940"
"12/3/2025 12:31:27 AM","3010","Microsoft-Windows-DNS-Client","DNS Query sent to DNS Server 224.0.0.251 for name STACEYNAYLO3175._dosvc._tcp.local and type 255, client PID 2940"
"12/3/2025 12:31:27 AM","3010","Microsoft-Windows-DNS-Client","DNS Query sent to DNS Server ff02::fb for name STACEYNAYLO3175._dosvc._tcp.local and type 255, client PID 2940"
"12/3/2025 12:31:27 AM","3010","Microsoft-Windows-DNS-Client","DNS Query sent to DNS Server 224.0.0.251 for name STACEYNAYLO3175._dosvc._tcp.local and type 255, client PID 2940"
"12/3/2025 12:31:27 AM","3010","Microsoft-Windows-DNS-Client","DNS Query sent to DNS Server ff02::fb for name STACEYNAYLO3175._dosvc._tcp.local and type 255, client PID 2940"
"12/3/2025 12:31:27 AM","3010","Microsoft-Windows-DNS-Client","DNS Query sent to DNS Server 224.0.0.251 for name STACEYNAYLO3175._dosvc._tcp.local and type 255, client PID 2940"
"12/3/2025 12:31:27 AM","3010","Microsoft-Windows-DNS-Client","DNS Query sent to DNS Server ff02::fb for name _dosvc._tcp.local and type 12, client PID 2940"
"12/3/2025 12:31:27 AM","3010","Microsoft-Windows-DNS-Client","DNS Query sent to DNS Server 224.0.0.251 for name _dosvc._tcp.local and type 12, client PID 2940"
"12/3/2025 12:29:27 AM","3010","Microsoft-Windows-DNS-Client","DNS Query sent to DNS Server ff02::fb for name STACEYNAYLO3175._dosvc._tcp.local and type 33, client PID 2940"
"12/3/2025 12:29:27 AM","3010","Microsoft-Windows-DNS-Client","DNS Query sent to DNS Server 224.0.0.251 for name STACEYNAYLO3175._dosvc._tcp.local and type 33, client PID 2940"
"12/3/2025 12:29:27 AM","3010","Microsoft-Windows-DNS-Client","DNS Query sent to DNS Server ff02::fb for name _dosvc._tcp.local and type 12, client PID 2940"
"12/3/2025 12:29:27 AM","3010","Microsoft-Windows-DNS-Client","DNS Query sent to DNS Server 224.0.0.251 for name _dosvc._tcp.local and type 12, client PID 2940"
"12/3/2025 12:29:26 AM","3010","Microsoft-Windows-DNS-Client","DNS Query sent to DNS Server ff02::fb for name STACEYNAYLO3175._dosvc._tcp.local and type 255, client PID 2940"
"12/3/2025 12:29:26 AM","3010","Microsoft-Windows-DNS-Client","DNS Query sent to DNS Server 224.0.0.251 for name STACEYNAYLO3175._dosvc._tcp.local and type 255, client PID 2940"
"12/3/2025 12:29:26 AM","3010","Microsoft-Windows-DNS-Client","DNS Query sent to DNS Server ff02::fb for name STACEYNAYLO3175._dosvc._tcp.local and type 255, client PID 2940"
"12/3/2025 12:29:26 AM","3010","Microsoft-Windows-DNS-Client","DNS Query sent to DNS Server 224.0.0.251 for name STACEYNAYLO3175._dosvc._tcp.local and type 255, client PID 2940"
"12/3/2025 12:29:26 AM","3010","Microsoft-Windows-DNS-Client","DNS Query sent to DNS Server ff02::fb for name STACEYNAYLO3175._dosvc._tcp.local and type 255, client PID 2940"
"12/3/2025 12:29:26 AM","3010","Microsoft-Windows-DNS-Client","DNS Query sent to DNS Server 224.0.0.251 for name STACEYNAYLO3175._dosvc._tcp.local and type 255, client PID 2940"
"12/3/2025 12:29:26 AM","3010","Microsoft-Windows-DNS-Client","DNS Query sent to DNS Server ff02::fb for name _dosvc._tcp.local and type 12, client PID 2940"
"12/3/2025 12:29:26 AM","3010","Microsoft-Windows-DNS-Client","DNS Query sent to DNS Server 224.0.0.251 for name _dosvc._tcp.local and type 12, client PID 2940"
"12/3/2025 12:29:19 AM","3008","Microsoft-Windows-DNS-Client","DNS query is completed for the name 193.98.74.40.in-addr.arpa., type 12, query options 722827741266837504 with status 9003 Results "
"12/3/2025 12:29:19 AM","3012","Microsoft-Windows-DNS-Client","NETBIOS query is initiated for name 193.98.74.40.in-addr.arpa. on network index 0 with inteface count 1 with first interface name Ethernet and local addresses fdb2:2c26:f4e4:0:a01d:cb46:e81:200f;fdb2:2c26:f4e4:0:dc51:cd12:d95e:b0b1;fe80::7581:f353:c91e:59a5;10.211.55.3, client PID 3680, query blob 0x1da281378e0"
"12/3/2025 12:29:19 AM","3020","Microsoft-Windows-DNS-Client","Query response for name 193.98.74.40.in-addr.arpa., type 12, interface index 0 and network index 0 returned 9003 with results , client PID 3680, query blob 0x1da28123670"
"12/3/2025 12:29:19 AM","3011","Microsoft-Windows-DNS-Client","Received response from DNS Server fe80::21c:42ff:fe00:18 for name 193.98.74.40.in-addr.arpa and type 12 with response status 9003, client PID 3680, send blob 0x1da286be1f0, context 0x7ffedb0365f8"
"12/3/2025 12:29:19 AM","3010","Microsoft-Windows-DNS-Client","DNS Query sent to DNS Server fe80::21c:42ff:fe00:18 for name 193.98.74.40.in-addr.arpa and type 12, client PID 3680"
"12/3/2025 12:29:14 AM","3008","Microsoft-Windows-DNS-Client","DNS query is completed for the name wpad, type 28, query options 722827741266733184 with status 9003 Results "
"12/3/2025 12:29:14 AM","3008","Microsoft-Windows-DNS-Client","DNS query is completed for the name wpad, type 28, query options 722827741266733184 with status 9003 Results "
"12/3/2025 12:29:14 AM","3020","Microsoft-Windows-DNS-Client","Query response for name wpad.localdomain, type 28, interface index 6 and network index 0 returned 9003 with results , client PID 1792, query blob 0x1da28123670"
"12/3/2025 12:29:14 AM","3020","Microsoft-Windows-DNS-Client","Query response for name wpad.localdomain, type 28, interface index 0 and network index 0 returned 1223 with results , client PID 1792, query blob 0x1da2819f840"
"12/3/2025 12:29:14 AM","3011","Microsoft-Windows-DNS-Client","Received response from DNS Server fe80::21c:42ff:fe00:18 for name wpad.localdomain and type 28 with response status 9003, client PID 1792, send blob 0x1da2872bc10, context 0x7ffedb0365f8"
"12/3/2025 12:29:14 AM","3020","Microsoft-Windows-DNS-Client","Query response for name wpad.localdomain, type 1, interface index 6 and network index 0 returned 9003 with results , client PID 1792, query blob 0x1da28123670"
"12/3/2025 12:29:14 AM","3020","Microsoft-Windows-DNS-Client","Query response for name wpad.localdomain, type 1, interface index 0 and network index 0 returned 9003 with results , client PID 1792, query blob 0x1da2819f840"
"12/3/2025 12:29:14 AM","3011","Microsoft-Windows-DNS-Client","Received response from DNS Server fe80::21c:42ff:fe00:18 for name wpad.localdomain and type 1 with response status 9003, client PID 1792, send blob 0x1da2872c1f0, context 0x7ffedb0365f8"
"12/3/2025 12:29:14 AM","3011","Microsoft-Windows-DNS-Client","Received response from DNS Server fe80::21c:42ff:fe00:18 for name wpad.localdomain and type 1 with response status 9003, client PID 1792, send blob 0x1da2872cac0, context 0x7ffedb0365f8"
"12/3/2025 12:29:14 AM","3010","Microsoft-Windows-DNS-Client","DNS Query sent to DNS Server fe80::21c:42ff:fe00:18 for name wpad.localdomain and type 28, client PID 1792"
"12/3/2025 12:29:14 AM","3010","Microsoft-Windows-DNS-Client","DNS Query sent to DNS Server fe80::21c:42ff:fe00:18 for name wpad.localdomain and type 28, client PID 1792"
"12/3/2025 12:29:14 AM","3010","Microsoft-Windows-DNS-Client","DNS Query sent to DNS Server fe80::21c:42ff:fe00:18 for name wpad.localdomain and type 1, client PID 1792"
"12/3/2025 12:29:14 AM","3010","Microsoft-Windows-DNS-Client","DNS Query sent to DNS Server fe80::21c:42ff:fe00:18 for name wpad.localdomain and type 1, client PID 1792"
"12/3/2025 12:29:14 AM","3008","Microsoft-Windows-DNS-Client","DNS query is completed for the name wpad, type 1, query options 720575941453047936 with status 87 Results "
"12/3/2025 12:29:14 AM","3008","Microsoft-Windows-DNS-Client","DNS query is completed for the name wpad, type 1, query options 720575941453047936 with status 87 Results "
"12/3/2025 12:28:36 AM","3008","Microsoft-Windows-DNS-Client","DNS query is completed for the name 26.112.82.140.in-addr.arpa., type 12, query options 722827741266837504 with status 0 Results type: 12 lb-140-82-112-26-iad.github.com;"
"12/3/2025 12:28:36 AM","3020","Microsoft-Windows-DNS-Client","Query response for name 26.112.82.140.in-addr.arpa., type 12, interface index 0 and network index 0 returned 0 with results type: 12 lb-140-82-112-26-iad.github.com;, client PID 3680, query blob 0x1da28123670"
"12/3/2025 12:28:36 AM","3011","Microsoft-Windows-DNS-Client","Received response from DNS Server fe80::21c:42ff:fe00:18 for name 26.112.82.140.in-addr.arpa and type 12 with response status 0, client PID 3680, send blob 0x1da2872b340, context 0x7ffedb0365f8"
"12/3/2025 12:28:36 AM","3010","Microsoft-Windows-DNS-Client","DNS Query sent to DNS Server fe80::21c:42ff:fe00:18 for name 26.112.82.140.in-addr.arpa and type 12, client PID 3680"
"12/3/2025 12:27:59 AM","3008","Microsoft-Windows-DNS-Client","DNS query is completed for the name e.4.7.e.4.5.8.6.0.0.0.0.0.0.0.0.6.2.0.0.0.0.8.9.2.0.4.1.0.0.6.2.ip6.arpa., type 12, query options 722827741266706432 with status 0 Results type: 12 g2600-1402-9800-0026-0000-0000-6854-e74e.deploy.static.akamaitechnologies.com;"
"12/3/2025 12:27:59 AM","3008","Microsoft-Windows-DNS-Client","DNS query is completed for the name 119.179.32.13.in-addr.arpa., type 12, query options 722827741266837504 with status 0 Results type: 12 server-13-32-179-119.atl59.r.cloudfront.net;"
"12/3/2025 12:27:59 AM","3020","Microsoft-Windows-DNS-Client","Query response for name 119.179.32.13.in-addr.arpa., type 12, interface index 0 and network index 0 returned 0 with results type: 12 server-13-32-179-119.atl59.r.cloudfront.net;, client PID 3680, query blob 0x1da281378e0"
"12/3/2025 12:27:59 AM","3020","Microsoft-Windows-DNS-Client","Query response for name e.4.7.e.4.5.8.6.0.0.0.0.0.0.0.0.6.2.0.0.0.0.8.9.2.0.4.1.0.0.6.2.ip6.arpa., type 12, interface index 0 and network index 0 returned 0 with results type: 12 g2600-1402-9800-0026-0000-0000-6854-e74e.deploy.static.akamaitechnologies.com;, client PID 3680, query blob 0x1da28123670"
"12/3/2025 12:27:59 AM","3011","Microsoft-Windows-DNS-Client","Received response from DNS Server fe80::21c:42ff:fe00:18 for name e.4.7.e.4.5.8.6.0.0.0.0.0.0.0.0.6.2.0.0.0.0.8.9.2.0.4.1.0.0.6.2.ip6.arpa and type 12 with response status 0, client PID 3680, send blob 0x1da286d27d0, context 0x7ffedb0365f8"
"12/3/2025 12:27:59 AM","3011","Microsoft-Windows-DNS-Client","Received response from DNS Server fe80::21c:42ff:fe00:18 for name 119.179.32.13.in-addr.arpa and type 12 with response status 0, client PID 3680, send blob 0x1da286d1630, context 0x7ffedb0365f8"
"12/3/2025 12:27:59 AM","3010","Microsoft-Windows-DNS-Client","DNS Query sent to DNS Server fe80::21c:42ff:fe00:18 for name 119.179.32.13.in-addr.arpa and type 12, client PID 3680"
"12/3/2025 12:27:59 AM","3010","Microsoft-Windows-DNS-Client","DNS Query sent to DNS Server fe80::21c:42ff:fe00:18 for name e.4.7.e.4.5.8.6.0.0.0.0.0.0.0.0.6.2.0.0.0.0.8.9.2.0.4.1.0.0.6.2.ip6.arpa and type 12, client PID 3680"
"12/3/2025 12:27:58 AM","3008","Microsoft-Windows-DNS-Client","DNS query is completed for the name STACEYNAYLO3175, type 255, query options 17592190502504 with status 1460 Results "
"12/3/2025 12:27:58 AM","3020","Microsoft-Windows-DNS-Client","Query response for name STACEYNAYLO3175, type 255, interface index 0 and network index 0 returned 1460 with results , client PID 1376, query blob 0x1da28123670"
"12/3/2025 12:27:57 AM","3010","Microsoft-Windows-DNS-Client","DNS Query sent to DNS Server 224.0.0.252 for name STACEYNAYLO3175 and type 255, client PID 1376"
"12/3/2025 12:27:57 AM","3010","Microsoft-Windows-DNS-Client","DNS Query sent to DNS Server ff02::1:3 for name STACEYNAYLO3175 and type 255, client PID 1376"
"12/3/2025 12:27:57 AM","3010","Microsoft-Windows-DNS-Client","DNS Query sent to DNS Server 224.0.0.252 for name STACEYNAYLO3175 and type 255, client PID 1376"
"12/3/2025 12:27:57 AM","3010","Microsoft-Windows-DNS-Client","DNS Query sent to DNS Server ff02::1:3 for name STACEYNAYLO3175 and type 255, client PID 1376"
"12/3/2025 12:27:26 AM","3010","Microsoft-Windows-DNS-Client","DNS Query sent to DNS Server ff02::fb for name STACEYNAYLO3175._dosvc._tcp.local and type 33, client PID 2940"
"12/3/2025 12:27:26 AM","3010","Microsoft-Windows-DNS-Client","DNS Query sent to DNS Server 224.0.0.251 for name STACEYNAYLO3175._dosvc._tcp.local and type 33, client PID 2940"
"12/3/2025 12:27:26 AM","3010","Microsoft-Windows-DNS-Client","DNS Query sent to DNS Server ff02::fb for name _dosvc._tcp.local and type 12, client PID 2940"
"12/3/2025 12:27:26 AM","3010","Microsoft-Windows-DNS-Client","DNS Query sent to DNS Server 224.0.0.251 for name _dosvc._tcp.local and type 12, client PID 2940"
"12/3/2025 12:27:26 AM","3010","Microsoft-Windows-DNS-Client","DNS Query sent to DNS Server ff02::fb for name STACEYNAYLO3175._dosvc._tcp.local and type 255, client PID 2940"
"12/3/2025 12:27:26 AM","3010","Microsoft-Windows-DNS-Client","DNS Query sent to DNS Server 224.0.0.251 for name STACEYNAYLO3175._dosvc._tcp.local and type 255, client PID 2940"
"12/3/2025 12:27:25 AM","3010","Microsoft-Windows-DNS-Client","DNS Query sent to DNS Server ff02::fb for name STACEYNAYLO3175._dosvc._tcp.local and type 255, client PID 2940"
"12/3/2025 12:27:25 AM","3010","Microsoft-Windows-DNS-Client","DNS Query sent to DNS Server 224.0.0.251 for name STACEYNAYLO3175._dosvc._tcp.local and type 255, client PID 2940"
"12/3/2025 12:27:25 AM","3010","Microsoft-Windows-DNS-Client","DNS Query sent to DNS Server ff02::fb for name STACEYNAYLO3175._dosvc._tcp.local and type 255, client PID 2940"
"12/3/2025 12:27:25 AM","3010","Microsoft-Windows-DNS-Client","DNS Query sent to DNS Server 224.0.0.251 for name STACEYNAYLO3175._dosvc._tcp.local and type 255, client PID 2940"
"12/3/2025 12:27:25 AM","3010","Microsoft-Windows-DNS-Client","DNS Query sent to DNS Server ff02::fb for name _dosvc._tcp.local and type 12, client PID 2940"
"12/3/2025 12:27:25 AM","3010","Microsoft-Windows-DNS-Client","DNS Query sent to DNS Server 224.0.0.251 for name _dosvc._tcp.local and type 12, client PID 2940"
"12/3/2025 12:26:38 AM","3008","Microsoft-Windows-DNS-Client","DNS query is completed for the name Mac, type 28, query options 720575941587394560 with status 0 Results ::ffff:0:0;"
"12/3/2025 12:26:38 AM","3008","Microsoft-Windows-DNS-Client","DNS query is completed for the name Mac, type 1, query options 720575941587263488 with status 87 Results "
"12/3/2025 12:25:29 AM","3008","Microsoft-Windows-DNS-Client","DNS query is completed for the name 209.143.182.52.in-addr.arpa., type 12, query options 722827741266837504 with status 9003 Results "
"12/3/2025 12:25:29 AM","3012","Microsoft-Windows-DNS-Client","NETBIOS query is initiated for name 209.143.182.52.in-addr.arpa. on network index 0 with inteface count 1 with first interface name Ethernet and local addresses fdb2:2c26:f4e4:0:a01d:cb46:e81:200f;fdb2:2c26:f4e4:0:dc51:cd12:d95e:b0b1;fe80::7581:f353:c91e:59a5;10.211.55.3, client PID 3680, query blob 0x1da28196bd0"
"12/3/2025 12:25:29 AM","3020","Microsoft-Windows-DNS-Client","Query response for name 209.143.182.52.in-addr.arpa., type 12, interface index 0 and network index 0 returned 9003 with results , client PID 3680, query blob 0x1da281b9f30"
"12/3/2025 12:25:29 AM","3011","Microsoft-Windows-DNS-Client","Received response from DNS Server fe80::21c:42ff:fe00:18 for name 209.143.182.52.in-addr.arpa and type 12 with response status 9003, client PID 3680, send blob 0x1da286abf00, context 0x7ffedb0365f8"
"12/3/2025 12:25:29 AM","3010","Microsoft-Windows-DNS-Client","DNS Query sent to DNS Server fe80::21c:42ff:fe00:18 for name 209.143.182.52.in-addr.arpa and type 12, client PID 3680"
"12/3/2025 12:25:25 AM","3010","Microsoft-Windows-DNS-Client","DNS Query sent to DNS Server ff02::fb for name STACEYNAYLO3175._dosvc._tcp.local and type 33, client PID 2940"
"12/3/2025 12:25:25 AM","3010","Microsoft-Windows-DNS-Client","DNS Query sent to DNS Server 224.0.0.251 for name STACEYNAYLO3175._dosvc._tcp.local and type 33, client PID 2940"
"12/3/2025 12:25:25 AM","3010","Microsoft-Windows-DNS-Client","DNS Query sent to DNS Server ff02::fb for name _dosvc._tcp.local and type 12, client PID 2940"
"12/3/2025 12:25:25 AM","3010","Microsoft-Windows-DNS-Client","DNS Query sent to DNS Server 224.0.0.251 for name _dosvc._tcp.local and type 12, client PID 2940"
"12/3/2025 12:25:25 AM","3010","Microsoft-Windows-DNS-Client","DNS Query sent to DNS Server ff02::fb for name STACEYNAYLO3175._dosvc._tcp.local and type 255, client PID 2940"
"12/3/2025 12:25:25 AM","3010","Microsoft-Windows-DNS-Client","DNS Query sent to DNS Server 224.0.0.251 for name STACEYNAYLO3175._dosvc._tcp.local and type 255, client PID 2940"
"12/3/2025 12:25:24 AM","3010","Microsoft-Windows-DNS-Client","DNS Query sent to DNS Server ff02::fb for name STACEYNAYLO3175._dosvc._tcp.local and type 255, client PID 2940"
"12/3/2025 12:25:24 AM","3010","Microsoft-Windows-DNS-Client","DNS Query sent to DNS Server 224.0.0.251 for name STACEYNAYLO3175._dosvc._tcp.local and type 255, client PID 2940"
"12/3/2025 12:25:24 AM","3010","Microsoft-Windows-DNS-Client","DNS Query sent to DNS Server ff02::fb for name STACEYNAYLO3175._dosvc._tcp.local and type 255, client PID 2940"
"12/3/2025 12:25:24 AM","3010","Microsoft-Windows-DNS-Client","DNS Query sent to DNS Server 224.0.0.251 for name STACEYNAYLO3175._dosvc._tcp.local and type 255, client PID 2940"
"12/3/2025 12:25:24 AM","3010","Microsoft-Windows-DNS-Client","DNS Query sent to DNS Server ff02::fb for name _dosvc._tcp.local and type 12, client PID 2940"
"12/3/2025 12:25:24 AM","3010","Microsoft-Windows-DNS-Client","DNS Query sent to DNS Server 224.0.0.251 for name _dosvc._tcp.local and type 12, client PID 2940"
"12/3/2025 12:23:24 AM","3010","Microsoft-Windows-DNS-Client","DNS Query sent to DNS Server ff02::fb for name STACEYNAYLO3175._dosvc._tcp.local and type 33, client PID 2940"
"12/3/2025 12:23:24 AM","3010","Microsoft-Windows-DNS-Client","DNS Query sent to DNS Server 224.0.0.251 for name STACEYNAYLO3175._dosvc._tcp.local and type 33, client PID 2940"
"12/3/2025 12:23:24 AM","3010","Microsoft-Windows-DNS-Client","DNS Query sent to DNS Server ff02::fb for name _dosvc._tcp.local and type 12, client PID 2940"
"12/3/2025 12:23:24 AM","3010","Microsoft-Windows-DNS-Client","DNS Query sent to DNS Server 224.0.0.251 for name _dosvc._tcp.local and type 12, client PID 2940"
"12/3/2025 12:23:24 AM","3010","Microsoft-Windows-DNS-Client","DNS Query sent to DNS Server ff02::fb for name STACEYNAYLO3175._dosvc._tcp.local and type 255, client PID 2940"
"12/3/2025 12:23:24 AM","3010","Microsoft-Windows-DNS-Client","DNS Query sent to DNS Server 224.0.0.251 for name STACEYNAYLO3175._dosvc._tcp.local and type 255, client PID 2940"
"12/3/2025 12:23:24 AM","3010","Microsoft-Windows-DNS-Client","DNS Query sent to DNS Server ff02::fb for name STACEYNAYLO3175._dosvc._tcp.local and type 255, client PID 2940"
"12/3/2025 12:23:24 AM","3010","Microsoft-Windows-DNS-Client","DNS Query sent to DNS Server 224.0.0.251 for name STACEYNAYLO3175._dosvc._tcp.local and type 255, client PID 2940"
"12/3/2025 12:23:23 AM","3010","Microsoft-Windows-DNS-Client","DNS Query sent to DNS Server ff02::fb for name STACEYNAYLO3175._dosvc._tcp.local and type 255, client PID 2940"
"12/3/2025 12:23:23 AM","3010","Microsoft-Windows-DNS-Client","DNS Query sent to DNS Server 224.0.0.251 for name STACEYNAYLO3175._dosvc._tcp.local and type 255, client PID 2940"
"12/3/2025 12:23:23 AM","3010","Microsoft-Windows-DNS-Client","DNS Query sent to DNS Server ff02::fb for name _dosvc._tcp.local and type 12, client PID 2940"
"12/3/2025 12:23:23 AM","3010","Microsoft-Windows-DNS-Client","DNS Query sent to DNS Server 224.0.0.251 for name _dosvc._tcp.local and type 12, client PID 2940"
"12/3/2025 12:23:11 AM","3008","Microsoft-Windows-DNS-Client","DNS query is completed for the name 3.135.190.20.in-addr.arpa., type 12, query options 722827741266837504 with status 9003 Results "
"12/3/2025 12:23:11 AM","3012","Microsoft-Windows-DNS-Client","NETBIOS query is initiated for name 3.135.190.20.in-addr.arpa. on network index 0 with inteface count 1 with first interface name Ethernet and local addresses fdb2:2c26:f4e4:0:a01d:cb46:e81:200f;fdb2:2c26:f4e4:0:dc51:cd12:d95e:b0b1;fe80::7581:f353:c91e:59a5;10.211.55.3, client PID 3680, query blob 0x1da281378e0"
"12/3/2025 12:23:11 AM","3020","Microsoft-Windows-DNS-Client","Query response for name 3.135.190.20.in-addr.arpa., type 12, interface index 0 and network index 0 returned 9003 with results , client PID 3680, query blob 0x1da281b9f30"
"12/3/2025 12:23:11 AM","3011","Microsoft-Windows-DNS-Client","Received response from DNS Server fe80::21c:42ff:fe00:18 for name 3.135.190.20.in-addr.arpa and type 12 with response status 9003, client PID 3680, send blob 0x1da286ab630, context 0x7ffedb0365f8"
"12/3/2025 12:23:11 AM","3010","Microsoft-Windows-DNS-Client","DNS Query sent to DNS Server fe80::21c:42ff:fe00:18 for name 3.135.190.20.in-addr.arpa and type 12, client PID 3680"
"12/3/2025 12:23:09 AM","3008","Microsoft-Windows-DNS-Client","DNS query is completed for the name login.live.com, type 28, query options 722827741266862080 with status 0 Results type: 5 login.msa.msidentity.com;type: 5 www.tm.lg.prod.aadmsa.akadns.net;type: 5 prdv4a.aadg.msidentity.com;type: 5 www.tm.v4.a.prd.aadg.akadns.net;::ffff:20.190.135.3;::ffff:40.126.28.20;::ffff:20.190.135.16;::ffff:40.126.28.12;::ffff:20.190.135.5;::ffff:40.126.28.21;::ffff:40.126.7.35;::ffff:40.126.28.22;"
"12/3/2025 12:23:09 AM","3020","Microsoft-Windows-DNS-Client","Query response for name login.live.com, type 1, interface index 0 and network index 0 returned 0 with results type: 5 login.msa.msidentity.com;type: 5 www.tm.lg.prod.aadmsa.akadns.net;type: 5 www.a.lg.prod.aadmsa.akadns.net;type: 5 default.a.lg.prod.aadmsa.akadns.net;type: 5 prdv4a.aadg.msidentity.com;type: 5 www.tm.v4.a.prd.aadg.akadns.net;20.190.135.3;40.126.28.20;20.190.135.16;40.126.28.12;20.190.135.5;40.126.28.21;40.126.7.35;40.126.28.22;, client PID 4052, query blob 0x1da281b9f30"
"12/3/2025 12:23:09 AM","3020","Microsoft-Windows-DNS-Client","Query response for name login.live.com, type 28, interface index 0 and network index 0 returned 0 with results type: 5 login.msa.msidentity.com;type: 5 www.tm.lg.prod.aadmsa.akadns.net;type: 5 prdv4a.aadg.msidentity.com;type: 5 www.tm.v4.a.prd.aadg.akadns.net;type: 6 internal.akadns.net;, client PID 4052, query blob 0x1da281b9f30"
"12/3/2025 12:23:09 AM","3011","Microsoft-Windows-DNS-Client","Received response from DNS Server fe80::21c:42ff:fe00:18 for name login.live.com and type 28 with response status 0, client PID 4052, send blob 0x1da286d3c10, context 0x7ffedb0365f8"
"12/3/2025 12:23:09 AM","3011","Microsoft-Windows-DNS-Client","Received response from DNS Server fe80::21c:42ff:fe00:18 for name login.live.com and type 1 with response status 0, client PID 4052, send blob 0x1da286d3050, context 0x7ffedb0365f8"
"12/3/2025 12:23:09 AM","3010","Microsoft-Windows-DNS-Client","DNS Query sent to DNS Server 10.211.55.1 for name login.live.com and type 1, client PID 4052"
"12/3/2025 12:23:09 AM","3010","Microsoft-Windows-DNS-Client","DNS Query sent to DNS Server 10.211.55.1 for name login.live.com and type 28, client PID 4052"
"12/3/2025 12:23:09 AM","3010","Microsoft-Windows-DNS-Client","DNS Query sent to DNS Server fe80::21c:42ff:fe00:18 for name login.live.com and type 28, client PID 4052"
"12/3/2025 12:23:09 AM","3010","Microsoft-Windows-DNS-Client","DNS Query sent to DNS Server fe80::21c:42ff:fe00:18 for name login.live.com and type 1, client PID 4052"
"12/3/2025 12:23:09 AM","3008","Microsoft-Windows-DNS-Client","DNS query is completed for the name login.live.com, type 1, query options 720575941453045760 with status 87 Results "
"12/3/2025 12:21:23 AM","3010","Microsoft-Windows-DNS-Client","DNS Query sent to DNS Server ff02::fb for name STACEYNAYLO3175._dosvc._tcp.local and type 33, client PID 2940"
"12/3/2025 12:21:23 AM","3010","Microsoft-Windows-DNS-Client","DNS Query sent to DNS Server 224.0.0.251 for name STACEYNAYLO3175._dosvc._tcp.local and type 33, client PID 2940"
"12/3/2025 12:21:23 AM","3010","Microsoft-Windows-DNS-Client","DNS Query sent to DNS Server ff02::fb for name _dosvc._tcp.local and type 12, client PID 2940"
"12/3/2025 12:21:23 AM","3010","Microsoft-Windows-DNS-Client","DNS Query sent to DNS Server 224.0.0.251 for name _dosvc._tcp.local and type 12, client PID 2940"
"12/3/2025 12:21:23 AM","3010","Microsoft-Windows-DNS-Client","DNS Query sent to DNS Server ff02::fb for name STACEYNAYLO3175._dosvc._tcp.local and type 255, client PID 2940"
"12/3/2025 12:21:23 AM","3010","Microsoft-Windows-DNS-Client","DNS Query sent to DNS Server 224.0.0.251 for name STACEYNAYLO3175._dosvc._tcp.local and type 255, client PID 2940"
"12/3/2025 12:21:23 AM","3010","Microsoft-Windows-DNS-Client","DNS Query sent to DNS Server ff02::fb for name STACEYNAYLO3175._dosvc._tcp.local and type 255, client PID 2940"
"12/3/2025 12:21:23 AM","3010","Microsoft-Windows-DNS-Client","DNS Query sent to DNS Server 224.0.0.251 for name STACEYNAYLO3175._dosvc._tcp.local and type 255, client PID 2940"
"12/3/2025 12:21:23 AM","3010","Microsoft-Windows-DNS-Client","DNS Query sent to DNS Server ff02::fb for name STACEYNAYLO3175._dosvc._tcp.local and type 255, client PID 2940"
"12/3/2025 12:21:23 AM","3010","Microsoft-Windows-DNS-Client","DNS Query sent to DNS Server 224.0.0.251 for name STACEYNAYLO3175._dosvc._tcp.local and type 255, client PID 2940"
"12/3/2025 12:21:23 AM","3010","Microsoft-Windows-DNS-Client","DNS Query sent to DNS Server ff02::fb for name _dosvc._tcp.local and type 12, client PID 2940"
"12/3/2025 12:21:23 AM","3010","Microsoft-Windows-DNS-Client","DNS Query sent to DNS Server 224.0.0.251 for name _dosvc._tcp.local and type 12, client PID 2940"
"12/3/2025 12:21:21 AM","3008","Microsoft-Windows-DNS-Client","DNS query is completed for the name 209.80.50.20.in-addr.arpa., type 12, query options 722827741266837504 with status 9003 Results "
"12/3/2025 12:21:21 AM","3012","Microsoft-Windows-DNS-Client","NETBIOS query is initiated for name 209.80.50.20.in-addr.arpa. on network index 0 with inteface count 1 with first interface name Ethernet and local addresses fdb2:2c26:f4e4:0:a01d:cb46:e81:200f;fdb2:2c26:f4e4:0:dc51:cd12:d95e:b0b1;fe80::7581:f353:c91e:59a5;10.211.55.3, client PID 3680, query blob 0x1da2819f840"
"12/3/2025 12:21:21 AM","3020","Microsoft-Windows-DNS-Client","Query response for name 209.80.50.20.in-addr.arpa., type 12, interface index 0 and network index 0 returned 9003 with results , client PID 3680, query blob 0x1da281b9f30"
"12/3/2025 12:21:21 AM","3011","Microsoft-Windows-DNS-Client","Received response from DNS Server fe80::21c:42ff:fe00:18 for name 209.80.50.20.in-addr.arpa and type 12 with response status 9003, client PID 3680, send blob 0x1da286d3630, context 0x7ffedb0365f8"
"12/3/2025 12:21:21 AM","3010","Microsoft-Windows-DNS-Client","DNS Query sent to DNS Server fe80::21c:42ff:fe00:18 for name 209.80.50.20.in-addr.arpa and type 12, client PID 3680"
"12/3/2025 12:21:06 AM","3008","Microsoft-Windows-DNS-Client","DNS query is completed for the name 138.177.233.64.in-addr.arpa., type 12, query options 722827741266837504 with status 0 Results type: 12 yx-in-f138.1e100.net;"
"12/3/2025 12:21:06 AM","3020","Microsoft-Windows-DNS-Client","Query response for name 138.177.233.64.in-addr.arpa., type 12, interface index 0 and network index 0 returned 0 with results type: 12 yx-in-f138.1e100.net;, client PID 3680, query blob 0x1da281b9f30"
"12/3/2025 12:21:06 AM","3011","Microsoft-Windows-DNS-Client","Received response from DNS Server fe80::21c:42ff:fe00:18 for name 138.177.233.64.in-addr.arpa and type 12 with response status 0, client PID 3680, send blob 0x1da286d44e0, context 0x7ffedb0365f8"
"12/3/2025 12:21:06 AM","3010","Microsoft-Windows-DNS-Client","DNS Query sent to DNS Server fe80::21c:42ff:fe00:18 for name 138.177.233.64.in-addr.arpa and type 12, client PID 3680"
"12/3/2025 12:20:12 AM","3008","Microsoft-Windows-DNS-Client","DNS query is completed for the name 253.15.104.51.in-addr.arpa., type 12, query options 722827741266837504 with status 9003 Results "
"12/3/2025 12:20:12 AM","3012","Microsoft-Windows-DNS-Client","NETBIOS query is initiated for name 253.15.104.51.in-addr.arpa. on network index 0 with inteface count 1 with first interface name Ethernet and local addresses fdb2:2c26:f4e4:0:a01d:cb46:e81:200f;fdb2:2c26:f4e4:0:dc51:cd12:d95e:b0b1;fe80::7581:f353:c91e:59a5;10.211.55.3, client PID 3680, query blob 0x1da28196bd0"
"12/3/2025 12:20:12 AM","3020","Microsoft-Windows-DNS-Client","Query response for name 253.15.104.51.in-addr.arpa., type 12, interface index 0 and network index 0 returned 9003 with results , client PID 3680, query blob 0x1da28123670"
"12/3/2025 12:20:12 AM","3011","Microsoft-Windows-DNS-Client","Received response from DNS Server fe80::21c:42ff:fe00:18 for name 253.15.104.51.in-addr.arpa and type 12 with response status 9003, client PID 3680, send blob 0x1da286d3050, context 0x7ffedb0365f8"
"12/3/2025 12:20:12 AM","3010","Microsoft-Windows-DNS-Client","DNS Query sent to DNS Server fe80::21c:42ff:fe00:18 for name 253.15.104.51.in-addr.arpa and type 12, client PID 3680"
"12/3/2025 12:19:23 AM","3010","Microsoft-Windows-DNS-Client","DNS Query sent to DNS Server ff02::fb for name STACEYNAYLO3175._dosvc._tcp.local and type 33, client PID 2940"
"12/3/2025 12:19:23 AM","3010","Microsoft-Windows-DNS-Client","DNS Query sent to DNS Server 224.0.0.251 for name STACEYNAYLO3175._dosvc._tcp.local and type 33, client PID 2940"
"12/3/2025 12:19:23 AM","3010","Microsoft-Windows-DNS-Client","DNS Query sent to DNS Server ff02::fb for name _dosvc._tcp.local and type 12, client PID 2940"
"12/3/2025 12:19:23 AM","3010","Microsoft-Windows-DNS-Client","DNS Query sent to DNS Server 224.0.0.251 for name _dosvc._tcp.local and type 12, client PID 2940"
"12/3/2025 12:19:22 AM","3010","Microsoft-Windows-DNS-Client","DNS Query sent to DNS Server ff02::fb for name STACEYNAYLO3175._dosvc._tcp.local and type 255, client PID 2940"
"12/3/2025 12:19:22 AM","3010","Microsoft-Windows-DNS-Client","DNS Query sent to DNS Server 224.0.0.251 for name STACEYNAYLO3175._dosvc._tcp.local and type 255, client PID 2940"
"12/3/2025 12:19:22 AM","3010","Microsoft-Windows-DNS-Client","DNS Query sent to DNS Server ff02::fb for name STACEYNAYLO3175._dosvc._tcp.local and type 255, client PID 2940"
"12/3/2025 12:19:22 AM","3010","Microsoft-Windows-DNS-Client","DNS Query sent to DNS Server 224.0.0.251 for name STACEYNAYLO3175._dosvc._tcp.local and type 255, client PID 2940"
"12/3/2025 12:19:22 AM","3010","Microsoft-Windows-DNS-Client","DNS Query sent to DNS Server ff02::fb for name STACEYNAYLO3175._dosvc._tcp.local and type 255, client PID 2940"
"12/3/2025 12:19:22 AM","3010","Microsoft-Windows-DNS-Client","DNS Query sent to DNS Server 224.0.0.251 for name STACEYNAYLO3175._dosvc._tcp.local and type 255, client PID 2940"
"12/3/2025 12:19:22 AM","3010","Microsoft-Windows-DNS-Client","DNS Query sent to DNS Server ff02::fb for name _dosvc._tcp.local and type 12, client PID 2940"
"12/3/2025 12:19:22 AM","3010","Microsoft-Windows-DNS-Client","DNS Query sent to DNS Server 224.0.0.251 for name _dosvc._tcp.local and type 12, client PID 2940"
"12/3/2025 12:19:14 AM","3008","Microsoft-Windows-DNS-Client","DNS query is completed for the name wpad, type 28, query options 722827741266733184 with status 9003 Results "
"12/3/2025 12:19:14 AM","3008","Microsoft-Windows-DNS-Client","DNS query is completed for the name wpad, type 28, query options 722827741266733184 with status 9003 Results "
"12/3/2025 12:19:14 AM","3020","Microsoft-Windows-DNS-Client","Query response for name wpad.localdomain, type 28, interface index 0 and network index 0 returned 1223 with results , client PID 1792, query blob 0x1da281b9f30"
"12/3/2025 12:19:14 AM","3020","Microsoft-Windows-DNS-Client","Query response for name wpad.localdomain, type 28, interface index 6 and network index 0 returned 1223 with results , client PID 1792, query blob 0x1da28123670"
"12/3/2025 12:19:14 AM","3020","Microsoft-Windows-DNS-Client","Query response for name wpad.localdomain, type 1, interface index 6 and network index 0 returned 9003 with results , client PID 1792, query blob 0x1da28123670"
